时间,昵称,金额,留言,来源
2026-05-20 15:46:49,BI4BEO,8.88,谢谢博主,微信
2026-05-20 17:35:19,BD4WXK,20.00,固件好像耗电挺严重？,微信
2026-05-20 18:49:39,BI1QQW,8.88,,微信
2026-05-20 21:06:31,*龙,5.00,谢谢大佬辛苦制作的K1固件，比老K6螺丝虎固件用着更舒服,微信
2026-05-21 20:02:49,BG6UGI,8.80,,微信
2026-05-21 22:54:40,M*s,8.88,非常感谢大佬固件!!,微信
2026-05-21 23:03:47,BD1BXH,15,,支付宝
2026-05-21 23:13:18,*戈,10.00,,微信
2026-05-22 10:18:03,J*Q,9.99,辛苦，继续加油,微信
2026-05-22 22:51:02,*算,10.00,,微信
2026-05-23 11:06:41,BA4KOI,10.00,谢谢！加油！,微信
2026-05-24 10:11:03,BA4QHC,6.66,,微信
2026-05-24 17:48:31,H*U,1.00,,微信
2026-05-25 00:25:02,BH6TEQ,5.50,兄弟辛苦！这里是BH6TEQ，73,微信
2026-05-28 11:18:52,*路,8.80,感谢大佬，73,微信
2026-05-28 17:45:44,H*s,18.88,加油,微信
2026-05-30 14:06:02,B*G,18.80,,微信
2026-05-31 08:23:05,*贺,10.00,加油,微信
2026-06-01 16:16:36,Y*,8.88,,微信
2026-06-03 07:25:27,BH4JPH,8.88,快捷键建议增加一键直频和一键高功率,微信
2026-06-04 18:35:54,4*0,10.00,吃水不忘挖井人,微信
2026-06-06 09:54:00,*太阳,10.00,谢谢大佬,微信
2026-06-07 18:44:52,D*9,6.66,wxid：Dr_Lee19999。呼号申请中,微信
2026-06-08 12:49:44,BG6WEZ,6.66,您的固件BG6WEZ已抄收，73,微信
2026-06-11 21:34:28,p*k,1.00,设台手续待审批,微信
2026-06-16 09:12:29,A*I,10.00,感谢 加油,微信
2026-06-16 10:14:54,BD1EBT,6.66,感谢大佬！,微信
2026-06-22 14:49:49,BD4WCM,6.66,大佬辛苦，加油！,微信
2026-06-24 15:45:05,BG8LSD,10.00,祝老哥生活愉快！,微信
2026-07-13 12:10:47,I*L,6.66,优秀，加油,微信
2026-07-21 14:43:05,*,10.00,感谢闫老大如牛马般无私的付出,微信
2026-07-21 17:01:27,BG7OOF,10.00,不仅颜值高，功能也很强大，好用的让我想哭,微信
2026-07-26 23:12:30,D*r,10.00,,微信
2026-07-29 15:46:47,*子,1.00,,微信
2026-07-29 17:58:51,*D,6.66,感谢,微信
2026-07-31 19:29:54,BG7OJZ,8.88,感谢大佬,微信
2026-08-01 13:25:13,*君,5.00,,微信
2026-08-01 17:07:15,**宇,10.00,,支付宝
2026-08-02 22:56:41,*夫,10.00,,微信
2026-08-04 09:52:17,L*d,1.00,,微信
2026-08-04 09:53:29,天籁,2.00,,微信
2026-08-04 10:05:18,BH3SAD,10.00,,微信
2026-08-04 17:15:49,**博,1.00,吃水不忘挖井人，感谢大佬免费分享,支付宝
2026-08-05 15:51:48,F*s,10.00,,微信
2026-08-09 11:54:29,BG9DDY,8.88,感谢您的付出,微信
2026-08-09 18:16:46,**昊,5.00,,支付宝
2026-08-12 10:36:21,**磊,5.00,,支付宝
2026-08-12 10:59:51,Flyff,1.23,,微信
2026-08-14 21:50:46,*师,10.00,,微信
2026-08-18 17:17:02,*越,11.88,开发不易，感谢付出,微信
2026-08-18 22:51:49,*店,50.00,感谢付出，致敬互联网精神,微信
2026-08-21 20:24:27,*漠,10.00,,微信
2026-08-22 16:54:08,**博,2.33,,支付宝
2026-08-24 10:30:52,*凌,10.00,爱好就是动力，知识就是财富,微信
2026-08-25 09:19:50,*碍,10.00,抖音常见，感谢付出,微信
2026-08-26 15:54:54,BD1DSC,88.88,闫老师辛苦啦🌹,微信
2026-08-26 19:39:00,王刚,20.00,,微信
2026-09-01 10:57:37,Z*r,5.00,感谢付出,微信
2026-09-02 01:25:08,*晗,6.66,,支付宝
2026-09-04 16:08:12,BD1DFZ,18.80,大佬辛苦！,微信
2026-09-09 21:19:35,*方,8.80,兄弟，你真是太厉害了,微信
2026-09-13 12:34:07,BI3UAB,9.90,请闫哥喝杯咖啡,微信
2026-09-17 17:04:04,高超,10.00,聊表敬意~,微信
2026-09-19 08:32:16,*平,6.66,感谢大佬,微信
2026-09-21 17:33:33,**峰,10.00,,支付宝
2026-09-25 22:54:23,BI2VK,35.90,呼叫瑞幸,微信
2026-09-26 15:58:19,BG4KDF,26.00,祝中秋国庆快乐,微信
2026-09-26 19:05:28,l*x,5.00,感谢,微信
2026-09-27 23:08:13,B*F,5.00,建议写频多写几遍，不然可能会错乱,微信
2026-09-28 00:39:25,*了,6.66,老铁666,微信
2026-09-30 18:51:57,BG5GUT,18.88,大佬辛苦，感谢付出,微信
2026-10-02 10:18:01,*暑,1.00,,微信
2026-10-02 17:10:10,BD3RQM,6.66,,微信
2026-10-05 18:14:01,*旺,5.00,,微信
2026-10-08 07:56:42,*海,13.40,,微信
2026-10-08 09:22:39,*刷,10.00,,微信